,City,Cloudiness,Country,Humidity,Lat,Lng,Max Temp,Wind Speed
0,Punta Arenas,28,CL,41,-53.16,-70.91,13.94,4.6
1,Coihueco,0,CL,34,-36.63,-71.83,27.0,4.6
2,Rikitea,98,PF,72,-23.12,-134.97,26.51,2.47
3,Saint-Augustin,90,CA,74,45.63,-73.98,1.84,6.2
4,Mataura,67,NZ,73,-46.19,168.86,12.78,6.71
5,Zambezi,100,ZM,85,-13.55,23.12,19.98,2.41
6,Codrington,63,AU,48,-28.95,153.24,30.24,1.5
7,Cayenne,65,GF,88,4.94,-52.33,24.0,1.86
8,Kodiak,1,US,75,39.95,-94.76,5.83,2.6
9,Langen,75,DE,86,53.61,8.6,4.99,7.2
10,Severo-Kurilsk,32,RU,82,50.68,156.12,-7.25,1.62
11,New Norfolk,75,AU,59,-42.78,147.06,19.24,4.6
12,Lasa,75,CY,87,34.92,32.53,10.13,3.6
13,Maniitsoq,98,GL,80,65.42,-52.9,-5.96,6.9
14,Reisterstown,1,US,57,39.47,-76.83,7.44,2.6
15,Dongkan,100,CN,82,34.0,119.83,5.78,1.73
16,Hobart,75,AU,59,-42.88,147.33,19.24,4.6
17,Provideniya,0,RU,71,64.42,-173.23,-23.46,5.74
18,Cherskiy,62,RU,71,68.75,161.3,-18.21,6.01
19,Butaritari,100,KI,83,3.07,172.79,27.66,6.81
20,Ushuaia,40,AR,61,-54.81,-68.31,11.0,12.9
21,Aksarka,17,RU,91,66.56,67.8,-19.65,4.43
22,Tarko-Sale,100,RU,82,64.92,77.78,-22.22,3.98
23,Bambous Virieux,75,MU,94,-20.34,57.76,25.0,1.5
24,Xingyi,91,CN,96,24.19,102.82,9.64,1.7
25,Klaksvik,72,FO,74,62.23,-6.59,1.0,9.3
26,Lubumbashi,100,CD,98,-11.66,27.48,17.83,0.72
27,Talnakh,75,RU,84,69.49,88.39,-17.0,11.0
28,Redwater,90,CA,58,53.95,-113.11,-2.5,10.3
29,Isangel,40,VU,74,-19.55,169.27,27.0,4.1
30,Tavricheskoye,75,RU,91,54.59,73.64,1.0,5.0
31,Launceston,40,AU,42,-41.43,147.14,21.08,3.1
32,Svetlaya,95,RU,62,46.54,138.33,-12.08,4.73
33,Yulara,14,AU,33,-25.24,130.99,32.0,4.1
34,Busselton,0,AU,90,-33.64,115.35,14.19,0.45
35,Hithadhoo,0,MV,75,-0.6,73.08,28.22,5.42
36,Pierre,90,US,98,44.37,-100.35,2.15,3.1
37,Ponta do Sol,100,BR,90,-20.63,-46.0,20.51,0.89
38,Samarai,61,PG,66,-10.62,150.67,29.91,1.82
39,Hermanus,13,ZA,95,-34.42,19.24,15.43,3.43
40,Bubaque,92,GW,62,11.28,-15.83,26.1,6.61
41,Saint George,20,GR,79,39.45,22.34,0.75,1.5
42,Port Blair,14,IN,72,11.67,92.75,27.7,7.51
43,Bluff,44,AU,58,-23.58,149.07,27.78,5.6
44,Loding,34,DE,100,48.05,12.68,-3.41,1.0
45,Singkang,20,MY,88,2.1,102.8,23.93,1.0
46,Yellowknife,90,CA,84,62.45,-114.38,-14.23,3.1
47,Geraldton,90,CA,92,49.72,-86.95,-3.0,4.1
48,Kapaa,75,US,83,22.08,-159.32,25.63,7.2
49,Cape Town,20,ZA,82,-33.93,18.42,18.98,8.7
50,Thul,85,PK,87,28.24,68.77,6.0,2.89
51,Kortkeros,90,RU,100,61.81,51.56,-7.0,6.0
52,Saint Anthony,90,US,79,43.97,-111.68,-7.72,3.6
53,Ahipara,93,NZ,67,-35.17,173.16,28.89,0.89
54,Oriximina,85,BR,66,-1.77,-55.87,28.66,1.42
55,Georgetown,20,GY,69,6.8,-58.16,25.86,2.1
56,Vallenar,0,CL,77,-28.58,-70.76,14.76,1.87
57,Castro,39,CL,63,-42.48,-73.76,19.0,2.6
58,Sheridan,1,US,51,39.65,-105.03,0.31,2.1
59,High Level,90,CA,92,58.52,-117.13,-14.0,2.1
60,Kurilsk,95,RU,69,45.23,147.88,-4.26,4.31
61,Nanortalik,92,GL,39,60.14,-45.24,0.05,6.04
62,Flinders,90,AU,57,-34.58,150.85,25.82,4.1
63,East London,91,ZA,88,-33.02,27.91,22.97,6.86
64,Saint-Philippe,90,CA,80,45.36,-73.48,1.94,5.7
65,Albany,90,US,48,42.65,-73.75,2.78,5.1
66,Meulaboh,98,ID,79,4.14,96.13,27.02,3.44
67,Sisimiut,100,GL,89,66.94,-53.67,-10.46,4.38
68,Puerto Ayora,75,EC,69,-0.74,-90.35,24.38,6.7
69,Chuy,34,UY,87,-33.69,-53.46,19.49,4.36
70,Ribeira Grande,26,PT,75,38.52,-28.7,12.91,3.83
71,Biak,100,ID,70,-0.91,122.88,27.86,1.66
72,Grand-Santi,98,GF,86,4.27,-54.38,22.19,1.4
73,Bredasdorp,0,ZA,82,-34.53,20.04,14.74,1.5
74,Ocean City,90,US,94,30.44,-86.61,20.72,6.7
75,Ternate,75,PH,65,14.29,120.72,27.54,1.5
76,Mount Isa,89,AU,26,-20.73,139.49,35.0,3.6
77,Luangwa,100,MZ,88,-15.62,30.4,23.73,0.62
78,Moron,39,HT,74,18.56,-74.26,26.32,1.03
79,Vaini,0,IN,100,15.34,74.49,14.0,0.63
80,Mar del Plata,0,AR,25,-46.43,-67.52,29.12,10.26
81,Khatanga,100,RU,98,71.98,102.47,-21.47,1.08
82,Bonthe,20,SL,74,7.53,-12.5,25.36,2.25
83,Naze,79,NG,49,5.43,7.07,21.0,2.6
84,Jamestown,30,AU,9,-33.21,138.6,31.19,8.52
85,Spirit River,75,CA,53,55.78,-118.84,-3.75,7.2
86,Zyryanka,86,RU,88,65.73,150.89,-27.97,1.53
87,Celica,94,EC,83,-4.1,-79.96,20.8,1.18
88,Narsaq,100,GL,53,60.91,-46.05,-6.0,0.5
89,Souillac,75,FR,100,45.6,-0.6,6.07,2.1
90,Bayan,84,CN,57,36.1,102.26,-8.29,1.42
91,Ilulissat,100,GL,72,69.22,-51.1,-11.0,5.7
92,Krasnoshchekovo,47,RU,73,51.67,82.73,-3.83,5.71
93,Los Llanos de Aridane,83,ES,58,28.66,-17.92,15.0,3.6
94,Upernavik,100,GL,61,72.79,-56.15,-17.52,7.09
95,Tuatapere,32,NZ,73,-46.13,167.69,12.78,6.71
96,Kruisfontein,54,ZA,93,-34.0,24.73,17.39,1.64
97,Deputatskiy,17,RU,82,69.3,139.9,-31.72,0.89
98,Mahebourg,75,MU,94,-20.41,57.7,25.0,1.5
99,Port Alfred,76,ZA,93,-33.59,26.89,20.56,3.94
100,Atuona,0,PF,74,-9.8,-139.03,27.28,6.36
101,Brigantine,1,US,70,39.41,-74.36,7.39,2.1
102,Inhambane,14,MZ,82,-23.87,35.38,25.68,4.64
103,Bhinmal,48,IN,88,25.01,72.27,12.19,1.6
104,Torbay,75,CA,86,47.66,-52.73,-0.95,5.7
105,Marrakesh,12,MA,76,31.63,-7.99,10.0,3.1
106,Sao Filipe,99,CV,75,14.9,-24.5,21.4,7.08
107,Banda Aceh,31,ID,88,5.56,95.32,22.18,2.72
108,Wamba,100,CD,59,2.14,27.99,23.87,1.5
109,Chumikan,99,RU,78,54.72,135.31,-23.06,5.94
110,Camacha,20,PT,68,33.08,-16.33,18.0,5.1
111,Ostrovnoy,100,RU,95,68.05,39.51,1.9,11.02
112,Barrow,0,AR,63,-38.31,-60.23,19.66,1.09
113,Flic en Flac,75,MU,94,-20.27,57.36,25.0,1.5
114,Arraial do Cabo,100,BR,86,-22.97,-42.02,24.93,3.05
115,Victoria,75,BN,74,5.28,115.24,27.32,1.5
116,Husavik,64,CA,89,50.56,-96.99,-6.67,1.79
117,Itupiranga,90,BR,100,-5.13,-49.33,25.0,1.0
118,Palmer,31,AU,7,-34.85,139.16,35.46,6.2
119,Lagos,0,NG,73,6.46,3.39,23.0,5.1
120,Iqaluit,90,CA,85,63.75,-68.52,-12.11,2.6
121,Virtsu,90,EE,86,58.57,23.51,4.58,7.2
122,Bridlington,100,GB,93,54.08,-0.19,9.68,8.7
123,Gayeri,0,BF,19,12.65,0.49,13.68,4.29
124,Brandfort,51,ZA,60,-28.7,26.46,20.0,5.1
125,Kampot,20,KH,73,10.62,104.18,24.49,1.5
126,Ca Mau,22,VN,70,9.18,105.15,24.88,3.52
127,Amga,96,RU,98,60.89,131.98,-34.77,0.99
128,Pangkalanbuun,100,ID,94,-2.68,111.62,25.1,0.57
129,Qaanaaq,4,GL,63,77.48,-69.36,-39.66,2.37
130,Kahului,40,US,65,20.89,-156.47,24.51,6.2
131,Cap Malheureux,75,MU,94,-19.98,57.61,25.0,1.5
132,Sioux Lookout,90,CA,85,50.1,-91.92,-9.59,5.1
133,Sigli,33,ID,77,5.38,95.96,27.22,5.12
134,Aswan,22,EG,50,24.09,32.9,10.88,6.31
135,Tuktoyaktuk,75,CA,75,69.44,-133.03,-25.0,7.2
136,Nikolskoye,90,RU,80,59.7,30.79,4.61,4.0
137,Esperance,90,AU,87,-33.86,121.89,16.0,5.1
138,Pacific Grove,1,US,59,36.62,-121.92,14.15,6.14
139,Roald,100,NO,93,62.58,6.12,4.0,12.3
140,Ocos,75,GT,78,14.51,-92.19,28.0,3.1
141,Bosaso,26,SO,82,11.28,49.18,25.54,7.58
142,Orsha,92,BY,95,54.51,30.43,0.91,4.67
143,Auki,0,NG,23,12.18,6.51,12.54,8.14
144,Murray Bridge,12,AU,13,-35.12,139.28,35.34,3.13
145,Hami,0,CN,60,42.84,93.51,-8.81,0.88
146,Belmonte,99,PT,29,40.36,-7.35,5.73,4.02
147,Baykit,67,RU,98,61.68,96.39,-16.45,1.05
148,Lebu,43,ET,92,8.96,38.73,11.31,1.02
149,Presidencia Roque Saenz Pena,33,AR,56,-26.79,-60.44,24.19,1.94
150,Tasiilaq,2,GL,40,65.61,-37.64,-10.0,8.7
151,Saskylakh,58,RU,92,71.97,114.09,-27.42,4.01
152,Ako,40,JP,75,34.79,134.38,8.42,1.5
153,Porto Novo,90,BR,88,-23.68,-45.44,22.0,2.1
154,Port Hardy,90,CA,93,50.7,-127.42,2.0,14.4
155,Kaitangata,74,NZ,64,-46.28,169.85,11.82,13.45
156,Dracena,48,BR,57,-21.48,-51.54,26.72,2.02
157,San Patricio,50,PY,60,-26.98,-56.83,26.01,2.81
158,Port Lincoln,65,AU,15,-34.72,135.86,32.94,7.96
159,Chippewa Falls,90,US,80,44.94,-91.39,0.38,2.1
160,Vila Velha,20,BR,83,-3.71,-38.6,28.1,1.5
161,Komsomolets,99,RU,97,52.77,41.29,-0.1,3.27
162,Norman Wells,90,CA,76,65.28,-126.83,-20.0,5.7
163,Espera Feliz,100,BR,99,-20.65,-41.91,18.66,0.72
164,Arkhara,9,RU,92,49.42,130.09,-25.43,2.88
165,Laguna,40,BZ,83,16.17,-88.94,26.0,2.1
166,ChengDe,0,CN,74,40.97,117.93,-11.11,1.44
167,Yongzhou,100,CN,79,26.46,111.6,7.67,2.0
168,Linhares,82,BR,88,-19.38,-40.06,24.82,3.05
169,Ancud,0,CL,63,-41.87,-73.83,19.0,2.6
170,Longyearbyen,20,NO,59,78.22,15.63,-16.0,7.7
171,North Bend,90,US,71,43.41,-124.22,10.42,4.6
172,Hilo,1,US,57,19.71,-155.08,22.04,3.1
173,Lorengau,28,PG,73,-2.02,147.27,29.42,4.01
174,Port Hedland,99,AU,70,-20.31,118.58,31.0,3.6
175,Kyshtovka,100,RU,96,56.56,76.62,-0.4,5.16
176,Mount Gambier,35,AU,38,-37.83,140.78,25.0,6.2
177,Andros Town,52,BS,69,24.73,-77.79,23.33,0.89
178,Krasnoturansk,84,RU,68,54.32,91.57,-4.0,2.0
179,Cabo San Lucas,5,MX,72,22.89,-109.91,20.14,8.2
180,Avera,90,US,100,33.19,-82.53,10.06,1.5
181,Guerrero Negro,0,MX,66,27.97,-114.04,16.91,3.03
182,Ribnica,0,SI,92,45.74,14.73,-3.32,1.0
183,Katobu,100,ID,86,-4.94,122.53,26.3,0.25
184,Gizo,40,IL,66,31.8,34.94,10.92,4.6
185,Margate,75,AU,59,-43.03,147.26,19.24,4.6
186,Oxkutzcab,41,MX,62,20.3,-89.42,27.28,3.09
187,Dikson,100,RU,91,73.51,80.55,-17.18,10.67
188,Sao Joao da Barra,86,BR,91,-21.64,-41.05,24.32,4.83
189,Pangai,20,TO,54,-19.8,-174.35,28.0,4.1
190,Maceio,70,BR,88,-9.67,-35.74,25.0,3.1
191,Beringovskiy,0,RU,80,63.05,179.32,-23.78,7.01
192,Rosetta,40,EG,81,31.4,30.42,11.0,5.7
193,Rosarito,40,CO,78,4.91,-75.23,23.5,1.5
194,Blackwater,100,GB,93,51.33,-0.78,10.16,6.7
195,Forbes,0,AU,20,-33.38,148.01,37.78,0.45
196,Bose,14,IT,74,45.46,8.01,1.29,2.1
197,Urusha,96,RU,90,54.05,122.9,-24.49,1.19
198,Sawtell,3,AU,61,-30.38,153.1,29.3,8.7
199,Dauphin,90,CA,92,51.15,-100.04,-3.0,5.1
200,Thouars,75,FR,100,46.98,-0.22,7.65,3.6
201,Taoudenni,95,ML,24,22.68,-3.98,12.53,5.2
202,Mpigi,20,UG,88,0.23,32.32,22.0,4.66
203,San Quintin,28,PH,75,17.54,120.52,21.74,2.46
204,Kisangani,100,CD,86,0.52,25.21,22.55,1.26
205,La Ronge,90,CA,92,55.1,-105.3,-2.0,1.5
206,Nelson Bay,75,AU,65,-32.72,152.14,27.1,4.6
207,Dogondoutchi,0,NE,19,13.64,4.03,14.1,6.52
208,Champerico,5,MX,51,16.38,-93.6,27.0,3.6
209,Krasnyy Klyuch,97,RU,99,55.39,56.65,-18.12,2.11
210,Chokurdakh,9,RU,93,70.62,147.9,-30.73,1.48
211,Bethel,40,US,75,60.79,-161.76,-24.38,4.6
212,Batagay-Alyta,50,RU,81,67.8,130.41,-25.02,2.59
213,Ust-Nera,98,RU,98,64.57,143.24,-22.71,1.36
214,Broome,100,GB,87,52.47,1.45,9.87,7.2
215,Berezanka,95,UA,81,46.86,31.39,-0.97,3.2
216,Thompson,90,CA,84,55.74,-97.86,-14.0,1.0
217,Teknaf,100,BD,86,20.86,92.31,17.87,1.2
218,Lagoa,75,PT,87,37.14,-8.45,14.33,2.6
219,Mwinilunga,75,ZM,98,-11.73,24.43,17.28,1.22
220,Melbu,100,NO,83,68.5,14.83,3.89,4.47
221,Katsuura,40,JP,75,33.93,134.5,8.72,1.5
222,Anchorage,75,US,84,61.22,-149.89,-15.24,1.51
223,Tres Arroyos,39,AR,66,-38.38,-60.28,20.17,0.81
224,Chicama,75,PE,83,-7.84,-79.15,21.0,4.1
225,Clyde River,90,CA,76,70.47,-68.59,-23.0,7.2
226,Avarua,67,CK,74,-21.21,-159.78,26.0,3.1
227,Vardo,75,US,45,39.62,-77.74,7.65,2.6
228,Fortuna,20,US,81,40.6,-124.16,11.1,2.6
229,Nemuro,20,JP,68,43.32,145.57,-4.0,3.1
230,Kavaratti,43,IN,81,10.57,72.64,27.54,7.02
231,Barsovo,84,RU,92,61.17,73.17,-14.0,3.0
232,Pevek,100,RU,64,69.7,170.27,-16.79,6.01
233,Kloulklubed,90,PW,78,7.04,134.26,27.0,4.1
234,Pangnirtung,0,CA,39,66.15,-65.72,-19.87,0.5
235,Rong Kwang,40,TH,100,18.34,100.32,17.0,0.9
236,Ushtobe,30,KZ,73,45.25,77.98,-5.21,2.08
237,Sterling,1,US,61,39.0,-77.4,8.68,3.1
238,Cove,75,US,93,29.8,-94.84,17.22,4.61
239,Gorgan,75,IR,81,36.84,54.43,9.0,2.1
240,Hambantota,1,LK,83,6.12,81.12,26.58,8.12
241,Yekaterinovka,98,RU,82,46.69,38.75,0.12,3.2
242,Grave,0,DE,86,51.91,9.46,3.95,5.7
243,Marzuq,0,YE,75,14.4,46.47,16.85,1.81
244,Dingle,100,PH,90,11.0,122.67,24.34,5.98
245,Mudon,8,MM,71,16.26,97.73,22.84,2.66
246,Zhigansk,0,RU,94,66.77,123.37,-36.87,3.85
247,Bani Walid,0,LY,76,31.76,14.0,9.16,4.1
248,Nyurba,100,RU,98,63.29,118.35,-22.94,1.21
249,Imeni Poliny Osipenko,94,RU,86,52.42,136.49,-22.41,0.24
250,Bara,0,NG,23,10.41,10.6,12.61,4.11
251,Faanui,100,PF,75,-16.48,-151.75,27.39,5.5
252,Acapulco,40,MX,74,16.86,-99.88,28.0,2.6
253,Grindavik,75,IS,92,63.84,-22.43,-4.0,12.9
254,Freetown,40,BS,83,26.61,-78.36,23.0,2.1
255,Kozhva,100,RU,93,65.11,57.05,-13.74,6.9
256,Pisco,28,PE,73,-13.71,-76.2,22.26,8.2
257,Lavrentiya,23,RU,89,65.58,-170.99,-24.49,5.66
258,Hauterive,90,CA,79,49.18,-68.27,-3.76,3.1
259,Tiksi,0,RU,65,71.64,128.87,-28.68,1.94
260,Poum,8,MK,41,41.28,20.71,-1.67,1.15
261,Raudeberg,100,NO,81,61.99,5.14,5.29,9.3
262,Cidreira,20,BR,76,-30.17,-50.22,23.05,9.58
263,Alihe,0,CN,85,50.57,123.73,-24.03,1.89
264,Ciudad Guayana,66,VE,74,8.32,-62.69,24.42,3.14
265,Portobelo,40,PA,78,9.55,-79.65,26.59,1.0
266,Evensk,100,RU,84,61.92,159.24,-9.96,6.18
267,Zhangye,28,CN,49,38.94,100.46,-6.38,0.89
268,Libreville,40,GA,94,0.39,9.45,26.0,1.0
269,Waingapu,100,ID,74,-9.65,120.26,27.52,2.42
270,Whitehorse,75,CA,78,60.72,-135.06,-12.12,2.1
271,Kropotkin,89,RU,95,45.43,40.58,0.0,2.38
272,Cessnock,75,AU,65,-32.83,151.35,27.78,4.6
273,San Vicente,75,EC,78,-0.59,-80.41,26.0,5.7
274,Kamina,100,CD,95,-8.74,25.0,19.02,1.35
275,Gobabis,99,NA,65,-22.45,18.97,22.93,2.83
276,Yongan,0,CN,54,39.7,113.69,-8.44,0.45
277,Bambanglipuro,32,ID,81,-7.95,110.28,25.59,1.94
278,Cockburn Town,1,TC,71,21.46,-71.14,26.2,6.77
279,Trinidad,97,BO,95,-14.83,-64.9,23.98,1.71
280,Abha,0,SA,57,18.22,42.5,11.0,1.5
281,Bathsheba,40,BB,74,13.22,-59.52,26.0,5.1
282,Atar,92,MR,16,20.52,-13.05,14.29,5.88
283,Corrente,100,BR,94,-17.45,-44.68,21.42,1.52
284,San Juan,1,AR,30,-31.54,-68.53,32.38,3.82
285,Algeciras,6,ES,82,36.13,-5.45,10.2,1.5
286,Talcahuano,3,CL,87,-36.72,-73.12,15.0,3.6
287,Pachora,79,IN,91,20.66,75.35,16.53,1.22
288,Maryanskaya,43,RU,92,45.1,38.64,-1.91,1.69
289,Nome,90,US,93,30.04,-94.42,17.02,1.5
290,Hualmay,61,PE,78,-11.1,-77.61,20.68,2.15
291,San Cristobal,52,HN,67,14.68,-86.92,19.29,2.41
292,Puerto Penasco,0,MX,31,31.32,-113.53,19.44,2.24
293,Touros,20,BR,78,-5.2,-35.46,27.0,5.1
294,Crotone,0,IT,53,39.09,17.12,7.56,1.43
295,Najran,0,SA,51,17.54,44.22,17.0,0.81
296,Coquimbo,20,CL,77,-29.95,-71.34,16.0,4.1
297,Nioro,96,GM,10,13.79,-15.05,23.45,6.4
298,Saint-Francois,75,FR,100,46.42,3.91,-0.27,1.0
299,La Romana,20,DO,100,18.43,-68.97,23.75,2.1
300,Arlit,1,NE,32,18.74,7.39,10.64,6.15
301,Saldanha,100,PT,88,41.42,-6.55,3.58,1.5
302,Hamilton,90,CA,75,43.26,-79.87,5.86,7.2
303,Doctor Juan Leon Mallorquin,96,PY,69,-25.4,-55.27,28.0,4.6
304,Beloha,46,MG,86,-25.17,45.06,22.9,4.95
305,Staryy Nadym,40,RU,97,65.61,72.68,-23.02,3.66
306,Vagur,100,FO,63,61.47,-6.81,3.31,17.3
307,Waipawa,58,NZ,49,-39.94,176.59,23.89,7.15
308,Ngerengere,100,TZ,91,-6.76,38.13,22.9,1.77
309,Walvis Bay,40,NA,91,-22.95,14.51,16.11,3.07
310,Sorland,100,NO,75,67.67,12.69,4.39,15.77
311,Kumo,11,NG,21,10.05,11.21,13.67,4.49
312,Vestmannaeyjar,100,IS,63,63.44,-20.27,0.54,19.95
313,Port Said,0,EG,72,25.34,30.55,7.98,2.94
314,Kheralu,95,IN,74,23.89,72.62,13.92,2.2
315,Illapel,0,CL,57,-31.63,-71.17,14.39,1.11
316,Ponta Delgada,20,PT,76,37.73,-25.67,12.0,3.1
317,Aklavik,75,CA,75,68.22,-135.01,-25.0,6.2
318,Lensk,100,RU,93,60.71,114.91,-12.49,4.33
319,Innisfail,91,AU,54,-17.52,146.03,28.33,2.68
320,Svay Rieng,86,KH,72,11.08,105.8,23.79,1.56
321,Ust-Kulom,97,RU,92,61.69,53.69,-12.47,5.54
322,Meadow Lake,75,CA,58,54.13,-108.44,-3.0,5.1
323,Suozhen,17,CN,64,36.95,118.1,1.67,0.45
324,Mollendo,22,PE,82,-17.03,-72.02,19.55,1.54
325,Coleraine,62,AU,15,-37.6,141.69,31.29,5.1
326,Russell,1,US,84,38.9,-98.86,2.88,5.7
327,Batyrevo,75,RU,95,55.07,47.6,-7.35,4.41
328,Nicoya,11,CR,65,10.15,-85.45,22.93,2.1
329,Yashkino,75,RU,80,55.87,85.43,-1.0,9.0
330,Kiama,90,AU,57,-34.67,150.86,25.1,4.1
331,Miami,75,US,73,25.77,-80.19,23.7,3.1
332,Garowe,39,SO,70,8.41,48.48,21.77,5.46
333,Leningradskiy,0,RU,82,69.38,178.42,-23.92,6.14
334,Emerald,40,AU,48,-23.53,148.16,31.06,4.6
335,Cascais,75,PT,93,38.7,-9.42,11.49,1.5
336,Port Elizabeth,1,US,57,39.31,-74.98,7.37,3.43
337,Mandera,32,ET,40,3.94,41.86,30.14,4.73
338,Ulladulla,55,AU,57,-35.36,150.48,25.89,4.1
339,Manggar,100,ID,85,-2.88,108.27,26.11,5.45
340,Tevaitoa,100,PF,76,-16.78,-151.5,27.61,6.87
341,Goderich,83,CA,85,43.74,-81.71,4.65,6.71
342,San Policarpo,100,PH,84,12.18,125.51,26.54,8.39
343,Scarborough,100,GB,87,54.28,-0.41,9.7,7.2
344,Cifuentes,20,CU,83,22.65,-80.05,24.55,2.6
345,Zhezkazgan,97,KZ,94,47.8,67.71,-1.38,4.54
346,Brae,100,GB,66,60.4,-1.35,5.12,15.4
347,Carnarvon,0,ZA,84,-30.97,22.13,16.59,8.58
348,Landau,90,DE,93,51.34,9.08,2.13,3.6
349,Lompoc,1,US,34,34.64,-120.46,17.76,4.6
350,Chaiya,0,IN,60,29.28,74.48,9.55,2.13
351,Aguimes,100,ES,41,27.91,-15.45,16.66,3.6
352,Dunedin,43,NZ,34,-45.87,170.5,16.11,10.73
353,Sitka,100,US,73,37.17,-99.65,6.11,4.93
354,Shache,95,CN,78,38.42,77.24,-8.02,0.87
355,Airai,91,TL,77,-8.93,125.41,23.76,1.04
356,Salisbury,100,GB,100,51.07,-1.8,10.82,8.2
357,Nadym,40,RU,97,65.53,72.51,-23.02,3.66
358,Peace River,75,CA,53,56.23,-117.29,-4.0,3.1
359,Tilichiki,100,RU,89,60.47,166.1,-12.27,3.29
360,Aykhal,55,RU,76,65.95,111.51,-24.0,2.0
361,Ozuluama,100,MX,88,21.12,-98.35,20.33,0.56
362,Quelimane,93,MZ,88,-17.88,36.89,27.0,1.5
363,Kollo,0,NE,17,13.34,2.32,18.0,4.1
364,Abrau-Dyurso,40,RU,92,44.7,37.6,-3.0,3.0
365,Kavieng,22,PG,72,-2.57,150.8,28.7,2.15
366,Panzhihua,100,CN,88,26.59,101.72,6.14,0.35
367,Kaeo,1,NZ,67,-35.1,173.78,27.39,0.89
368,Saint Stephen,90,US,100,45.7,-94.27,-1.31,3.1
369,Hay River,90,CA,84,60.82,-115.79,-15.0,4.1
370,Marsa Matruh,5,EG,75,31.35,27.25,7.0,4.6
371,Imbituba,75,BR,83,-28.24,-48.67,23.0,7.7
372,Matay,0,EG,79,28.42,30.79,6.29,3.09
373,Koslan,100,RU,95,63.46,48.9,-3.55,5.13
374,Madang,67,CN,57,35.32,102.79,-5.47,0.21
375,Caravelas,100,BR,83,-17.73,-39.27,25.02,5.98
376,Matara,100,BI,91,-3.48,29.48,14.72,1.33
377,Chagoda,100,RU,91,59.16,35.33,2.31,3.97
378,Flin Flon,90,CA,92,54.77,-101.88,-7.0,2.6
379,Bereda,75,ES,81,43.27,-7.54,10.2,5.7
380,Muros,90,ES,87,42.77,-9.06,11.06,3.6
381,Krokeai,0,GR,51,36.88,22.55,4.0,2.6
382,Pirajui,34,BR,10,-22.0,-49.46,21.11,1.79
383,Greenville,90,US,100,34.85,-82.4,6.88,1.4
384,Xixiang,3,CN,82,22.58,113.87,18.34,3.0
385,Nouadhibou,83,MR,39,20.93,-17.03,17.0,5.7
386,Great Bend,1,US,80,38.36,-98.78,3.33,5.1
387,Sancti Spiritus,100,CU,86,21.93,-79.44,22.62,2.89
388,Matagami,0,NG,20,9.67,8.4,14.84,3.13
389,Seoul,1,KR,92,37.57,126.98,-2.66,0.5
390,Merauke,87,ID,55,-8.49,140.4,31.1,2.34
391,Acajutla,99,SV,91,13.59,-89.83,21.67,0.45
392,Oranjemund,56,ZA,91,-28.55,16.43,16.0,5.66
393,Constitucion,5,MX,34,23.99,-104.67,12.0,7.7
394,Quatre Cocos,75,MU,94,-20.21,57.76,25.0,1.5
395,Diego de Almagro,38,CL,51,-26.39,-70.05,18.14,1.77
396,Am Timan,8,TD,20,11.04,20.28,20.2,4.79
397,Kutum,33,SD,37,14.2,24.66,11.28,5.07
398,Ust-Tsilma,100,RU,93,65.44,52.15,-8.46,4.71
399,Quime,99,BO,95,-16.98,-67.22,11.49,1.41
400,Kanniyakumari,36,IN,77,8.08,77.57,26.93,10.36
401,Broken Hill,15,AU,9,-31.97,141.45,34.0,5.7
402,Pavlodar,90,KZ,86,52.28,76.96,-3.0,6.0
403,Champasak,75,LA,78,14.89,105.88,22.0,1.0
404,Jan Kempdorp,16,ZA,44,-27.92,24.84,24.29,4.47
405,Umm Kaddadah,86,SD,22,13.6,26.69,18.67,9.14
406,Hofn,0,IS,44,64.25,-15.21,-1.24,8.36
407,Nantucket,1,US,81,41.28,-70.1,5.94,7.7
408,Nara,40,JP,54,34.68,135.8,7.8,7.2
409,Arnedo,90,ES,65,42.23,-2.1,1.2,1.0
410,Fuling,100,CN,74,29.71,107.39,7.53,0.11
411,Richards Bay,90,ZA,84,-28.77,32.06,25.88,6.1
412,Jalu,4,LY,85,29.03,21.55,8.92,4.31
413,Bethanien,1,NA,50,-26.5,17.16,19.02,1.45
414,Teya,40,MX,66,21.05,-89.07,28.93,7.2
415,Catia La Mar,24,VE,67,10.6,-67.03,22.22,1.27
416,Nador,75,MA,81,35.17,-2.93,11.49,1.0
417,Jiangkou,100,CN,96,30.7,117.56,6.15,1.63
418,Taiyuan,0,CN,73,37.86,112.56,-5.0,1.0
419,Mapiripan,99,CO,71,2.89,-72.13,25.05,2.41
420,Ravar,67,IR,56,31.27,56.81,6.55,0.59
421,Nuevo Progreso,75,US,88,26.05,-97.95,18.61,3.27
422,Aleksandro-Nevskiy,100,RU,97,53.48,40.21,0.3,2.89
423,Martapura,78,ID,86,-3.41,114.85,25.78,0.59
424,Ucluelet,90,CA,93,48.94,-125.55,2.28,5.1
425,Smyrna,90,US,87,35.98,-86.52,10.9,3.1
426,Fairlie,1,US,87,33.31,-95.96,13.67,2.81
427,Turayf,8,SA,75,31.68,38.65,5.0,0.05
428,Springdale,75,US,81,36.19,-94.13,9.61,2.23
429,Bijie,100,CN,86,27.3,105.3,3.49,1.92
430,Fuerte Olimpo,23,BR,45,-21.04,-57.87,27.59,1.01
431,Ngaoundere,100,CM,36,7.32,13.58,13.29,1.92
432,Villena,0,ES,93,38.64,-0.87,5.95,2.1
433,Isla Mujeres,75,MX,78,21.23,-86.73,26.84,7.7
434,Tshikapa,100,CD,94,-6.42,20.79,20.51,0.88
435,Waddan,21,LY,76,29.16,16.14,8.93,2.9
436,Ketchikan,75,US,74,55.34,-131.65,1.0,5.7
437,Griffith,90,AU,31,-34.29,146.06,33.11,1.5
438,Quarai,27,BR,58,-30.39,-56.45,23.17,6.83
439,Bima,100,ID,85,-8.45,118.73,25.82,0.47
440,Qaqortoq,99,GL,53,60.72,-46.03,-6.0,0.5
441,Altamont,90,CA,100,49.4,-98.5,-4.0,2.93
442,Alyangula,41,AU,62,-13.85,136.42,32.0,3.6
443,Tazovskiy,97,RU,93,67.47,78.7,-18.9,4.67
444,Jardim,33,BR,69,-21.48,-56.15,24.73,1.48
445,Manta,2,RO,61,45.1,24.1,-0.83,1.1
446,Stepnyak,75,KZ,89,52.83,70.79,-2.15,5.5
447,Tsabong,0,BW,39,-26.02,22.4,28.42,4.05
448,Tessalit,3,ML,31,20.2,1.01,9.97,5.39
449,Grudziadz,0,PL,74,53.48,18.75,-1.35,4.1
450,Mezhdurechensk,76,RU,86,53.69,88.07,-8.03,2.1
451,Pouembout,86,NC,61,-21.12,164.9,24.98,2.21
452,Fergus Falls,90,US,92,46.28,-96.08,-1.18,4.1
453,Bow Island,75,CA,85,49.87,-111.38,-4.19,3.6
454,Puerto Ayacucho,82,CO,58,5.66,-67.63,30.0,3.6
455,Berekum,0,GH,18,7.45,-2.58,20.93,2.15
456,Malaya Serdoba,89,RU,97,52.47,44.96,-5.07,3.84
457,Shenzhen,3,CN,82,22.54,114.05,18.28,3.0
458,Inuvik,75,CA,75,68.36,-133.71,-25.0,4.6
459,Itarema,78,BR,83,-2.92,-39.92,25.86,2.28
460,Zaykovo,0,RU,95,57.56,62.76,-17.81,2.99
461,Qasigiannguit,100,GL,72,68.82,-51.19,-11.0,5.7
462,bhola,97,PK,47,32.66,73.89,9.91,2.0
463,Salalah,40,OM,64,17.01,54.1,23.0,1.0
464,Golden,1,US,51,39.76,-105.22,0.6,2.1
465,Kimbe,0,PG,58,-5.56,150.15,32.15,0.82
466,Malinovoye Ozero,45,RU,84,51.68,79.77,-9.29,4.99
467,Elektrenai,51,LT,64,54.77,24.63,-1.45,3.6
468,Nizhniy Odes,100,RU,94,63.64,54.86,-12.01,5.75
469,Cabedelo,83,BR,88,-6.97,-34.84,26.0,3.1
470,Nivala,100,FI,86,63.93,24.96,3.33,3.13
471,Arraias,100,BR,97,-12.93,-46.94,22.04,1.8
472,Harindanga,75,IN,93,22.04,88.32,16.0,3.1
473,Ormara,55,PK,53,25.21,64.64,20.94,3.46
474,Dalvik,100,SE,93,57.79,14.13,2.11,9.3
475,Namibe,100,AO,77,-15.19,12.15,22.7,3.25
476,Deer Lake,90,CA,86,49.18,-57.43,-2.14,6.2
477,Anshun,100,CN,98,26.25,105.93,13.25,2.37
478,Swan River,14,CA,92,52.11,-101.27,-11.4,3.73
479,Marshall,1,US,87,39.12,-93.2,8.79,1.29
480,Wagar,99,US,39,31.44,-87.99,21.67,1.34
481,Turukhansk,100,RU,96,65.8,87.96,-20.64,2.53
482,Mehran,75,IR,74,33.12,46.17,3.0,1.0
483,Onverwacht,69,SR,83,5.59,-55.2,25.46,3.1
484,Hasaki,20,JP,60,35.73,140.83,4.71,1.5
485,Belaya Gora,8,RU,97,68.54,146.19,-34.16,0.74
486,Paradise,1,US,28,36.12,-115.17,13.58,3.1
487,Necochea,0,AR,78,-38.55,-58.74,18.89,6.23
488,Skreia,90,NO,86,60.65,10.93,3.86,7.7
489,Padang,83,ID,89,-0.92,100.36,20.95,2.1
490,Angoram,98,PG,91,-4.06,144.07,27.78,1.4
491,Alexandria,5,RO,81,43.97,25.33,-5.0,3.49
492,Olinda,4,AU,46,-37.84,145.39,23.31,2.6
493,Ilhabela,77,BR,86,-23.78,-45.36,25.4,4.64
494,Kroya,42,ID,79,-6.5,108.06,25.89,2.13
495,Buchanan,20,LR,88,5.88,-10.05,23.0,0.42
496,Nago,75,IT,92,45.88,10.89,0.43,1.0
497,Barra dos Coqueiros,40,BR,74,-10.91,-37.04,28.0,4.6
498,Dwarka,40,IN,100,28.58,77.04,13.9,1.51
499,Chadiza,100,ZM,93,-14.06,32.43,19.07,0.63
500,Pontianak,100,ID,96,-0.02,109.34,24.5,0.97
501,Nokaneng,100,BW,75,-19.66,22.19,22.32,3.68
502,Abapo,92,BO,49,-18.83,-63.47,24.27,1.03
503,Bozova,90,TR,100,37.36,38.53,3.0,5.1
504,Jumla,100,NP,94,29.28,82.18,-3.29,0.51
505,Blagoyevo,100,RU,93,63.37,47.92,-1.55,5.12
506,Mogadishu,73,SO,81,2.04,45.34,27.55,9.95
507,Byron Bay,8,AU,61,-28.65,153.62,29.71,6.7
508,Mnogovershinnyy,100,RU,96,53.94,139.92,-21.68,4.05
509,Mabai,99,CN,94,23.01,104.4,13.99,1.48
510,Zhizdra,94,RU,96,53.75,34.74,1.08,2.73
511,Totma,100,RU,90,59.98,42.76,1.14,4.71
512,Bay City,1,US,75,43.59,-83.89,5.19,4.1
513,Uusikaupunki,90,FI,80,60.8,21.41,5.0,7.2
514,Camacari,40,BR,83,-12.7,-38.32,27.0,3.1
515,Makushino,93,RU,95,55.21,67.25,-10.2,4.28
516,Lardos,75,GR,87,36.09,28.02,10.53,2.1
517,Havoysund,75,NO,69,71.0,24.66,4.0,8.7
518,Cristalina,100,BR,94,-16.77,-47.61,20.77,1.41
519,Iranshahr,84,IR,67,27.21,60.69,16.0,2.39
520,El Sauzal,75,AR,88,-24.3,-64.96,22.0,3.6
521,Newport,90,GB,100,51.59,-3.0,10.11,5.7
522,Marawi,100,PH,84,8.0,124.29,25.0,2.24
523,Brigham City,40,US,74,41.51,-112.02,0.59,2.81
